-- phpMyAdmin SQL Dump
-- version 5.0.4
-- https://www.phpmyadmin.net/
--
-- 主机： localhost
-- 生成日期： 2021-01-21 14:01:55
-- 服务器版本： 5.7.30-log
-- PHP 版本： 7.4.13

SET SQL_MODE = "NO_AUTO_VALUE_ON_ZERO";
START TRANSACTION;
SET time_zone = "+00:00";


/*!40101 SET @OLD_CHARACTER_SET_CLIENT=@@CHARACTER_SET_CLIENT */;
/*!40101 SET @OLD_CHARACTER_SET_RESULTS=@@CHARACTER_SET_RESULTS */;
/*!40101 SET @OLD_COLLATION_CONNECTION=@@COLLATION_CONNECTION */;
/*!40101 SET NAMES utf8mb4 */;

--
-- 数据库： `demo_ebcms_ebcms`
--

-- --------------------------------------------------------

--
-- 表的结构 `prefix_ebcms_cms_category`
--

DROP TABLE IF EXISTS `prefix_ebcms_cms_category`;
CREATE TABLE `prefix_ebcms_cms_category` (
  `id` int(10) UNSIGNED NOT NULL COMMENT '节点ID',
  `pid` int(10) UNSIGNED NOT NULL DEFAULT '0',
  `type` varchar(20) NOT NULL DEFAULT 'list',
  `title` varchar(255) NOT NULL DEFAULT '' COMMENT '标题',
  `alias` varchar(255) NOT NULL DEFAULT '' COMMENT '目录',
  `keywords` varchar(255) NOT NULL DEFAULT '' COMMENT '关键字',
  `description` varchar(255) NOT NULL DEFAULT '' COMMENT '简介',
  `page_num` int(10) UNSIGNED NOT NULL DEFAULT '20',
  `tpl_category` varchar(255) NOT NULL DEFAULT '' COMMENT '模板',
  `tpl_content` varchar(255) NOT NULL DEFAULT '' COMMENT '内容页模板',
  `priority` tinyint(3) UNSIGNED NOT NULL DEFAULT '0' COMMENT '排序',
  `state` tinyint(3) UNSIGNED NOT NULL DEFAULT '1' COMMENT '是否发布',
  `nav` tinyint(3) UNSIGNED NOT NULL DEFAULT '1',
  `redirect_uri` varchar(255) NOT NULL DEFAULT '' COMMENT '外部链接',
  `body` text,
  `filters` text NOT NULL,
  `fields` text NOT NULL
) ENGINE=InnoDB DEFAULT CHARSET=utf8mb4 COMMENT='内容栏目表' ROW_FORMAT=COMPACT;

--
-- 转存表中的数据 `prefix_ebcms_cms_category`
--

INSERT INTO `prefix_ebcms_cms_category` (`id`, `pid`, `type`, `title`, `alias`, `keywords`, `description`, `page_num`, `tpl_category`, `tpl_content`, `priority`, `state`, `nav`, `redirect_uri`, `body`, `filters`, `fields`) VALUES
(1, 0, 'channel', '时政', '', '', '', 0, '', '', 0, 1, 1, '', '', '', ''),
(2, 0, 'channel', '体育', '', '', '', 0, '', '', 0, 1, 1, '', '', '', ''),
(3, 0, 'channel', '娱乐', '', '', '', 0, '', '', 0, 1, 1, '', '', '', ''),
(4, 0, 'channel', '教育', '', '', '', 0, '', '', 0, 1, 1, '', '', '', ''),
(5, 0, 'channel', '科技', '', '', '', 0, '', '', 0, 1, 1, '', '', '', ''),
(6, 0, 'channel', '健康', '', '', '', 0, '', '', 0, 1, 1, '', '', '', ''),
(7, 1, 'list', '国内', '', '', '', 20, '', '', 0, 1, 1, '', '', '', ''),
(8, 1, 'list', '国外', '', '', '', 20, '', '', 0, 1, 1, '', '', '', ''),
(9, 2, 'list', '奥运会', '', '', '', 20, '', '', 0, 1, 1, '', '', '', ''),
(10, 2, 'list', 'NBA', '', '', '', 20, '', '', 0, 1, 1, '', '', '', ''),
(11, 2, 'list', '世界杯', '', '', '', 20, '', '', 0, 1, 1, '', '', '', ''),
(12, 2, 'list', '世锦赛', '', '', '', 20, '', '', 0, 1, 1, '', '', '', ''),
(13, 3, 'list', '八卦', '', '', '', 20, '', '', 0, 1, 1, '', '', '', ''),
(14, 3, 'list', '院线', '', '', '', 20, '', '', 0, 1, 1, '', '', '', ''),
(15, 4, 'list', '网校', '', '', '', 20, '', '', 0, 1, 1, '', '', '', ''),
(16, 5, 'list', '手机', '', '', '', 20, '', '', 0, 1, 1, '', '', '', ''),
(17, 5, 'list', '摄影', '', '', '', 20, '', '', 0, 1, 1, '', '', '', ''),
(18, 6, 'list', '养生', '', '', '', 20, '', '', 0, 1, 1, '', '', '', '');

-- --------------------------------------------------------

--
-- 表的结构 `prefix_ebcms_cms_content`
--

DROP TABLE IF EXISTS `prefix_ebcms_cms_content`;
CREATE TABLE `prefix_ebcms_cms_content` (
  `id` int(10) UNSIGNED NOT NULL COMMENT '节点ID',
  `category_id` int(10) UNSIGNED NOT NULL DEFAULT '0' COMMENT '分类id',
  `type` varchar(255) NOT NULL DEFAULT '' COMMENT '类型',
  `title` varchar(255) NOT NULL DEFAULT '' COMMENT '标题',
  `cover` varchar(255) NOT NULL DEFAULT '' COMMENT '缩略图',
  `keywords` varchar(255) NOT NULL DEFAULT '' COMMENT '关键词',
  `description` varchar(255) NOT NULL DEFAULT '' COMMENT '摘要',
  `body` text NOT NULL,
  `extra` text NOT NULL,
  `alias` varchar(255) NOT NULL DEFAULT '' COMMENT '文件名称',
  `tpl` varchar(255) NOT NULL DEFAULT '' COMMENT '模板',
  `click` int(10) UNSIGNED NOT NULL DEFAULT '0' COMMENT '点击量',
  `tags` varchar(255) NOT NULL DEFAULT '',
  `top` tinyint(3) UNSIGNED NOT NULL DEFAULT '0',
  `create_time` int(10) UNSIGNED NOT NULL DEFAULT '0' COMMENT '操作时间',
  `update_time` int(10) UNSIGNED NOT NULL DEFAULT '0' COMMENT '更新时间',
  `state` tinyint(3) UNSIGNED NOT NULL DEFAULT '99' COMMENT '状态',
  `redirect_uri` varchar(255) NOT NULL DEFAULT '',
  `filter0` varchar(40) NOT NULL DEFAULT '',
  `filter1` varchar(40) NOT NULL DEFAULT '',
  `filter2` varchar(40) NOT NULL DEFAULT '',
  `filter3` varchar(40) NOT NULL DEFAULT '',
  `filter4` varchar(40) NOT NULL DEFAULT '',
  `filter5` varchar(40) NOT NULL DEFAULT ''
) ENGINE=InnoDB DEFAULT CHARSET=utf8mb4;

--
-- 转存表中的数据 `prefix_ebcms_cms_content`
--

INSERT INTO `prefix_ebcms_cms_content` (`id`, `category_id`, `type`, `title`, `cover`, `keywords`, `description`, `body`, `extra`, `alias`, `tpl`, `click`, `tags`, `top`, `create_time`, `update_time`, `state`, `redirect_uri`, `filter0`, `filter1`, `filter2`, `filter3`, `filter4`, `filter5`) VALUES
(1, 7, '', '习近平：中国冰雪运动必须走科技创新之路', '', '', '', '<p>19日下午，习近平总书记来到位于河北省张家口市崇礼区的国家跳台滑雪中心、国家冬季两项中心，看望慰问运动员、教练员和张家口赛区运行保障团队、建设者代表。</p><p>习近平说：“我们的竞技体育运动走什么路？跟我们国家走强国之路是一样的，就是靠创新、靠科技。我们一方面（要）自主创新，一方面（要）吸收国际先进的科技，先进的训练水平，来提高我们自己。最后，向所有参与冬奥会（筹办）的建设者、管理者、工作人员致以亲切的问候和崇高的敬意。”</p>', 's:0:\"\";', '', '', 3, '', 0, 1611142132, 1611142132, 1, '', '', '', '', '', '', ''),
(2, 7, '', '初心印记㉘ 一部法典背后的公平正义宣言', '', '', '', '<p>2020年5月28日，第十三届全国人民代表大会第三次会议在北京人民大会堂闭幕。</p><p>“通过！”</p><p>2020年5月28日，北京，人民大会堂。十三届全国人大三次会议以2879票赞成、2票反对、5票弃权，高票表决通过《中华人民共和国民法典》，热烈的掌声在万人大礼堂久久回荡。</p><p>5年磨一剑，中国自此迈入“民法典时代”。</p><p>白发苍苍的金平回想起新中国前三次民法起草工作，“第一次是1954年，第二次是1962年，第三次是1979年”。虽历经岁月洗礼但仍记忆犹新，“必须承认，只有经济社会发展、人民安居乐业、法治深入人心，民法典才具备成功编纂的条件。”</p>', 's:0:\"\";', '', '', 1, '', 0, 1611142184, 1611142184, 1, '', '', '', '', '', '', ''),
(3, 8, '', '中美学者评特朗普：历史会如何评价他？', '', '', '', '<p>新京报讯（记者 谢莲）美国当地时间1月20日，特朗普的四年总统任期将正式终结。从2017年1月20日到2021年1月20日的1461天，特朗普在美国甚至全世界掀起了一场“特朗普风暴”，所过之处留下一片狼藉。即使特朗普离任，“特朗普主义”仍然在某种程度上影响着美国和世界。</p><p>特朗普到底是个怎样的总统？如何评价特朗普的四年任期？他对于美国和世界还有哪些影响？他个人的未来会怎样？新京报记者采访了六位中美学者，听听他们对于特朗普及其任期的评价。</p>', 's:0:\"\";', '', '', 4, '', 0, 1611142210, 1611142210, 1, '', '', '', '', '', '', ''),
(4, 8, '', '今天是拜登的大日子，但普京彪悍地先抢了世界头条！', '', '', '', '<p>莫斯科室外零下20度，只穿泳裤头的普京冰窟洗礼。刺骨冰水中，一次、两次、三次，要的就是这份刺激。敏感时刻，战斗民族特色，也是一种信号。这样彪悍，默克尔做不到，特朗普和拜登更不敢想吧。</p><p>1月20日，是特朗普更是拜登的大日子，华盛顿全城戒备，在2.5万大兵紧张保卫下，迎来一场前所未有的政权交接。</p><p>但普京就是普京，凭一己之力，成功地将世界目光聚焦到自己身上。因为就在前一天夜里，他彪悍地先占据了世界的头条。</p><p>这次与政治无关，但与普京的个性和身体有关，特朗普肯定做不到，拜登更想都不要想。</p><p>因为普京又一次冰窟洗礼了。他光着上身，袒胸露背，在俄罗斯最寒冷的季节，跳入冰窟中。要知道，毕竟不是冬泳常客，且岁数不饶人，今年他也是一名68岁的老人了。</p><p>更何况，俄罗斯的冷，不是一般的冷。</p><p>看了一下新闻介绍，普京下水的1月19日夜里，莫斯科的室外温度，跌到了零下14摄氏度。当真是天寒地冻、滴水成冰，你看水池旁边的冰柱，就可以感受到该是怎样的一种冷。</p><p>路透社报道的第一句话就是：身上除了泳裤别无一物的普京，周二在莫斯科浸入一个冰冷的水池里……</p><p>更关键是，普京还浸没了三次：一次，两次，三次，然后，迅速转身上岸……</p>', 's:0:\"\";', '', '', 1, '', 0, 1611142253, 1611142253, 1, '', '', '', '', '', '', ''),
(5, 10, '', 'NBA考虑让球员接种新冠疫苗：对美国公众产生教育意义', '', '', '', '<p><span>由于疫情影响，NBA近期已经有15场比赛延期。对于严峻的防疫形势，NBA把目光投向了疫苗。</span></p><p><span><span style=\"font-size: 18px; font-weight: 700;\">20日，据美国媒体报道，NBA总裁萧华表示联盟正在讨论让NBA球员接种新冠疫苗，此举是为了对公众产生教育意义和影响。</span></span></p><div><img src=\"http://pics7.baidu.com/feed/f9dcd100baa1cd1169d89c5a5a6b24fbc2ce2ddb.jpeg?token=f10c18eb61fad414ff3cc375c1f69dbd&amp;s=BA306184004224F61EB54CBB03001016\"></div><p><span style=\"font-size: 18px; font-weight: 700;\">但随后NBA球员工会主席米歇尔·罗伯茨表示，通过与球员交流，发现许多人对是否接种疫苗产生了犹豫。霍华德就曾表示，“我相信疫苗吗？不，我不信。但这只是我的个人观点。”</span><span>前NBA巨星查尔斯·巴克利则讽刺地表示，“NBA球员和教练应当优先接种疫苗，他们交了那么多税，他们应该享有特权。”</span></p><p><span>而在一部分球队经理看来，疫苗能否保证球员的运动表现不受影响，还有太多不确定性。</span></p><p><span>但在上周，NBA传奇球星、73岁的贾巴尔透露，自己已经接种了新冠疫苗。</span></p><p><span><span style=\"font-size: 18px; font-weight: 700;\">“为了我自己和我的家人，我接种了新冠疫苗。我们必须找到新的方法来保证彼此安全，”贾巴尔说，“我会鼓励其他人在有机会时接种疫苗。”</span></span></p><p><span>据美国媒体报道，在上周结束的紧急会议上，NBA联盟管理层已经进一步收紧防疫措施：</span></p><p><span>1.球员不可以在赛前或赛后在球场与对方球员拥抱或身体接触；</span></p><p><span>2.减少比赛之前人员之间的接触或交流，包括罚球期间不允许击掌；</span></p><p><span>3.强调戴口罩，包括教练在比赛期间，以及球员们坐在板凳期间。</span></p><p><span>4.球员不允许在客场酒店接触非球队邀请人员，球员在客场比赛期间不允许离开酒店；</span></p><p><span>5.更衣室内赛前会议将被限制在10分钟，球员和球队人员必须戴口罩。</span></p><p>(本文来自澎湃新闻，更多原创资讯请下载“澎湃新闻”APP)</p>', 's:0:\"\";', '', '', 1, '', 0, 1611142360, 1611142360, 1, '', '', '', '', '', '', ''),
(6, 10, '', '迪亚比传射建功 勒沃库森2-1多特蒙德', '', '', '', '<p>【迪亚比传射建功 勒沃库森2-1多特蒙德】今天凌晨德甲第17轮结束一场争夺，勒沃库森主场2-1击败多特蒙德，暂时升至积分榜第二位。开场两队攻势频繁，第14分钟，阿米里中场长传，迪亚比反越位前插后直面门将轻松打进，勒沃库森1-0！随后哈兰德、布兰特相继错过扳平机会。易边再战，第67分钟，多特蒙德反击，格雷罗横传，布兰特禁区外围远射破门，多特1-1！第80分钟，勒沃库森中场断球后打出连续短传反击，迪亚比横传中路，维尔茨远射打进，勒沃库森2-1！此后双方再无进球，勒沃库森主场取胜。<br></p>', 's:0:\"\";', '', '', 0, '', 0, 1611142397, 1611142397, 1, '', '', '', '', '', '', ''),
(7, 10, '', '确认了！是中国的', '', '', '', '<p>@央视体育1月19日消息，2020年全国游泳冠军赛男女4x100米混合泳接力预赛，由徐嘉余、闫子贝、张雨霏、杨浚瑄组成的苏鄂浙鲁联队游出3分38秒41的成绩，创造了新的世界纪录。</p><p>经过三个多月的确认期，国际泳联官网正式更新，认定这一成绩成为男女100米混合泳接力新的世界纪录。</p><p>新闻多看点</p>', 's:0:\"\";', '', '', 2, '', 0, 1611142422, 1611142422, 1, '', '', '', '', '', '', ''),
(8, 9, '', 'CBA第二阶段：广东东莞大益胜九台农商银行', '', '', '', '<p>1月19日，本场比赛主裁判段铸在比赛中执裁。</p><p>当日，在浙江诸暨进行的2020-2021赛季中国男子篮球职业联赛（CBA）第二阶段第32轮比赛中，广东东莞大益队以111比106战胜九台农商银行队。</p><p>新华社记者李紫恒摄</p>', 's:0:\"\";', '', '', 1, '', 0, 1611142449, 1611142449, 1, '', '', '', '', '', '', ''),
(9, 9, '', '跳水梦之队来汉 争夺奥运入场券', '', '', '', '<p>明日，2021年跳水项目奥运会、世界杯选拔赛（第二站）将在武汉体育中心游泳馆举行，这是2021年武汉市在疫情防控常态化下所举办的首场全国性体育赛事。比赛汇聚了施廷懋、王涵、陈艺文、昌雅妮、林珊、谢思埸、曹缘、陈艾森、杨健等奥运冠军及世界冠军，可谓星光灿烂。</p><p>作为国内最高水平的跳水赛事，本次比赛由国家体育总局游泳运动管理中心、中国跳水协会主办，湖北省体育局、武汉市人民政府承办，武汉市体育局、武汉开发区管委会、湖北省体育局游泳跳水运动管理中心协办，武汉体育中心发展有限公司运营。</p><p>包括国家队在内的55名参赛运动员在17日就抵达武汉展开赛前训练。湖北跳水队共有4名运动员参赛，他们是昌雅妮、叶林希、王宗源和郑九源。比赛将从明日正式拉开战幕，至24日结束，共设有8个项目决出8枚金牌，这8个项目均为奥运会项目。在如此多顶尖运动员参赛的情况下，冠军角逐将会异常激烈。</p><p>作为2021年武汉市在疫情防控常态化下所举办的首场全国性体育赛事，承办比赛的武汉体育中心进行了周密部署。运动员、教练员、裁判和随队队医全部集中入住酒店，尽管从酒店到赛场步行不到10分钟，但体育中心仍采取闭环管理，全体人员只允许在酒店、赛场两点一线之间，通过专车接送。</p>', 's:0:\"\";', '', '', 5, '', 0, 1611142471, 1611142471, 1, '', '', '', '', '', '', ''),
(10, 7, '', '别让外卖最后一公里“变质”', '', '', '', '<p>近日，多家媒体就湖南、江苏、四川、山东等地出现的外卖智能取餐柜进行了报道。在疫情防控与冬季低温的双重作用下，既可以消毒保温，又能实现外卖无接触配送的智能取餐柜无疑成为外卖骑手们送餐“最后一公里”的“利器”。但是，并不是所有消费者都会为这样的“利器”买单。</p><p>笔者了解到，在消费者关于智能取餐柜的讨论中，“柜内消毒不代表柜外消毒”“消毒是否包括除味”“骑手是否经过了消费者同意才将餐品放入柜中”“未来会如何收费”等问题是大家关注的重点。事物皆有两面性，利弊同行。从消费者指出的问题来看，智能取餐柜的“弊端”也很明显。</p>', 's:0:\"\";', '', '', 1, '', 0, 1611142522, 1611142522, 1, '', '', '', '', '', '', ''),
(11, 16, '', '杰毅生物完成近2亿元B轮融资', '', '', '', '<p>新京报讯（记者 王卡拉）1月20日，杭州杰毅生物技术有限公司（简称“杰毅生物”）宣布，公司于近日完成近2亿元B轮融资。本轮融资由辰德资本领投，前海母基金等跟投，比邻星创投、普华资本、体外诊断资深产业人士等原股东均追加投资。杰毅生物表示，此轮融资将主要用于感染线医疗器械产品的注册报证、新产品的开发以及商业化应用战略的推进。</p><p>杰毅生物总部位于浙江杭州，由贝瑞基因创始团队成员王珺博士和迪安诊断原战略投资板块负责人、浙江大健康产业基金合伙人钟杰共同发起成立，是一家以高通量测序和基因编辑为技术平台，将基因检测、大数据分析和人工智能等前沿技术融合创新，致力于革新感染性疾病检验未来的新锐科技公司。目前，杰毅生物已率先成功研发出全球领先的病原宏基因组全自动智能化检测产品解决方案，已申请专利等知识产权近20项。</p><p>在新冠疫情期间，杰毅生物牵头承担国家科技部“新冠病毒感染的肺炎疫情应急检测项目”，参与国家科技部重点研发计划“法匹拉韦与托珠单抗组合的临床研究”，在武汉金银潭医院建设本地化的病原宏基因组测序中心，为300多位新冠肺炎重症感染患者提供精准诊断，有效协助降低中国新冠患者死亡率。公司自主研发的病原宏基因组全自动智能化检测产品解决方案已进入了中国国家疾控中心及湖北、浙江、乌鲁木齐等各地疾控中心，为新冠病毒的精准检测和变异监控提供支持。公司基于基因编辑CRISPR技术的新冠病毒快速检测试剂盒及配套即时检验设备已经获得了欧盟CE认证，目前正积极参与全球抗疫战斗中。</p>', 's:0:\"\";', '', '', 3, '', 0, 1611142550, 1611142550, 1, '', '', '', '', '', '', ''),
(12, 13, '', '郑爽陷“代孕弃养门”：不能以精致的自私踩踏人伦底线', '', '', '', '<p>这两天，女明星郑爽卷入“代孕弃养”风波的消息，为舆论所关注。</p><p>弃养、冻卵、代孕等关键词，让舆论风向从“吃瓜”明星八卦，转向对代孕黑产这一公共议题的严肃讨论。</p><p>事情缘起于，1月18日，郑爽前男友张恒发布微博澄清近期遭遇的诈骗、借高利贷等黑热搜，并表示目前自己滞留美国，是因为要照顾两个孩子。随后，张恒朋友提供了两个小孩在美国的出生证明，还爆出一段疑似双方关于如何“处理孩子”的对话录音。</p>', 's:0:\"\";', '', '', 1, '', 0, 1611142591, 1611142591, 1, '', '', '', '', '', '', ''),
(13, 13, '', '一不小心在健康宝上“坦诚相见”', '', '', '', '<p>明星们再一次展示了脸的力量。</p><p>前两天，据红星新闻报道，有人正大量售卖明星健康宝照片与查询方法：“1元购买健康宝查询方式”“2元70多位艺人健康宝照片”“1元1000多位艺人身份证号”等。</p><p>我没花钱，按文中所述查了查家人的信息，真查出来了。</p><p>这条新闻成了当天的热门话题，晚上，健康宝团队迅速反应，修补了程序漏洞。据报道，北京市公安局已对此事介入调查，相关情况已反映到相关部门。</p><p>健康宝是北京市大数据中心依托北京市防疫相关数据和国家政务服务平台，针对新冠肺炎疫情防控需要推出的小程序，相当于北京居民出行的“通行证”，上个班、买个菜、逛个街，一天打开个好几次很正常。</p><p>这一天，有人发微博全面系统地点评明星素颜，也有人明知传播和出售个人隐私信息有违法风险，却默默打开“照片合集”。像为数不少的网友表态时说的，“道理我都懂，但还是忍不住看了”。</p><p>别只当瓜吃，这不只是一则娱乐新闻。个人信息泄露是个老话题，我们无数次讨论、谴责，但每当新场景出现、新技术盛行，时不时出现新的信息流出方式。</p><p>很多人都曾关心过，健康宝是否会造成信息泄露。北京市政府公开回应过，收集的所有信息仅保存于北京市政务云且仅用于防疫追溯及相关工作。</p><p>本来，这程序挺有人情味。健康宝有“老幼健康码助查询”“他人健康码代查询”功能，解决一些人不便使用软件和忘带手机等问题。不属于老人和孩子的，他人代查需要本人的人脸识别授权。此前泄露明星私人照片的渠道并不显眼，藏在“他人核酸检测结果代查”这项服务中，只要输入姓名和与之匹配的身份证号，忽略程序人脸识别的要求，还是能查到结果。</p><p>几个月前，我朋友圈里的好友争相转发一篇吐槽热文《你在北京健康宝的照片有多丑》。作为一个有偶像包袱的P图爱好者，我在社交网站上发图有严格的编辑审发流程。P脸都是太基础的操作，散乱无章的头发要P，扰乱背景的路人要P，阴天能调成晴天的配置，较起劲来，我连云的形状都P。</p><p>疫情期间出行，情况特殊，我不奢求健康宝照片能和朋友圈相册媲美，只求不要太恐怖。</p><p>在照片栏里，我整个人呈俯视状，格外雄壮，口罩挂在一边耳朵上，真让人社交尴尬。每次走到小区大门口，我打开手机往保安侧一斜，之后秒关闭，进门进出了做贼的感觉。约会朋友，我也纠结，万一照片被看见了，简直不好意思叙旧。</p><p>最开始，谁都以为那就是简单的一个“码”，没化妆、没洗头不算什么，有人正打呵欠，有人戴着粉红色的浴帽，有人刚好晃了晃脑袋叠成重影，有人卸了妆只剩一半眉毛。还有人正在如厕，背景是谁看谁懂的卫浴瓷砖。</p>', 's:0:\"\";', '', '', 0, '', 0, 1611142624, 1611142624, 1, '', '', '', '', '', '', ''),
(14, 13, '', '真实打工人！许魏洲拍摄成“假笑男孩” 结束秒变脸', '', '', '', '<p>许魏洲的《欢迎来到这世界》最近被戏称是打工者之歌，近日许魏洲拍广告，那更是实力诠释“打工人”。</p><p>起初，他迈着欢快的步子上看下看的，用力闭眼摇头晃脑，向上看时他一副吃惊的表情仿佛发现了新大陆。</p>', 's:0:\"\";', '', '', 1, '', 0, 1611142654, 1611142654, 1, '', '', '', '', '', '', ''),
(15, 14, '', '2020年度票房突破100亿', 'https://static.ebcms.com/img/slide2.jpg', '', '', '<p>根据猫眼专业版数据显示，10月3日13时，2020年度票房突破100亿！</p><p>来源: 同花顺金融研究中心</p>', 's:0:\"\";', '', '', 1, '', 0, 1611142700, 1611206543, 1, '', '', '', '', '', '', ''),
(16, 14, '', '让搜索不止于搜索框，微信搜一搜打通多个场景让搜索触手可达', 'https://static.ebcms.com/img/slide1.jpg', '', '', '<p>1月19日，2021微信公开课PRO在广州举办。主论坛上，来自微信搜一搜团队的微信公开课讲师Samuel以“用微信就能搜”展开了主题分享：过去一年，微信搜一搜持续迭代，让微信的搜索场景更方便用户触达，让内容、服务和品牌连接更优质广泛。官方数据显示，微信搜一搜月活搜索用户已超5亿。</p><p>关于微信搜一搜的产品逻辑，微信公开课讲师Samuel表示，微信搜一搜采用的是Peoplerank的算法机制，是一种人对内容和服务的满意度的排序，用脱敏的、保护隐私的方式将人的价值附着在排序结果上。微信搜一搜未来目标是做通用搜索，“只要用户需要就会满足”，目的是让用户更高效找到更好的搜索结果。</p>', 's:0:\"\";', '', '', 3, '', 0, 1611142767, 1611206554, 1, '', '', '', '', '', '', ''),
(17, 15, '', '你的第一条朋友圈是什么？', 'https://static.ebcms.com/img/ad3.gif', '', '', '<p><img src=\"https://p4.itc.cn/images01/20210120/933764db465b41bbb0c4fe7220bef33e.png\"></p><p>30秒快读1、微信十年了。2、你的第一个微信名是什么？你的第一个微信联系人是谁？你的第一条朋友圈是什么？微信朋友圈在2012年出道，第一批90后正在迈向社会。那时的90后，还在跨越山海，寻找诗和远方。睡过北京群租房里的上下铺，承包过上海地铁的末班车，台北的夜开始迷失，花莲的海开始混沌。</p><p><img src=\"https://p7.itc.cn/images01/20210120/3badac47e39a456fb9653b0462848d2f.jpeg\"></p><p>比起父辈，90后更有资本走出国门，去世界看一看。房贷、婚姻、父母的健康......还不是我们肩上的责任，回看当年的痛苦，如今都不值一提。</p><p><img src=\"https://p5.itc.cn/images01/20210120/858d456cb64b4220a5c86462129e9bb6.jpeg\"></p><p>那时的90后，还不知道失去意味着什么。曾经那个她，19岁的仲夏，不记得为何在早晨7:16发了这条朋友圈，大学时，早上的第一堂课总没人愿意选，因为熬夜赖床成了常态。为什么要早起？可能只是为了跟她一起吃个早饭吧。初恋的世界，每时每刻，都是惊天动地，爱过。十年之后，我们还是微信好友，却不再说话。</p><p><img src=\"https://p6.itc.cn/images01/20210120/101d9c2bebf3448ca320863ae6d22176.jpeg\"></p><p>那时的95后，还在晚自习里痛苦，智商开发到史上最高。他们不曾醒悟，人生最高光的分数线是发际线。</p>', 's:0:\"\";', '', '', 8, '', 0, 1611142794, 1611206563, 1, '', '', '', '', '', '', ''),
(18, 18, '', '承诺为有需求的单位提供“云签电子印章”', '', '', '', '<p><span>河北新闻网讯（马晨辉）近日，河北疫情防控，牵动着每个人的心。在保定，专业从事电子印章产品及配套系统研发的河北戈德防伪科技有限公司，发挥自身优势，积极投身到疫情防控工作中，承诺为有需求的单位提供“云签电子印章”免费申办、免费应用等服务，为群防群控尽微薄之力。</span></p><div><img src=\"http://pics1.baidu.com/feed/d0c8a786c9177f3ef30c7e44f573d7c09e3d5687.jpeg?token=fe4fb69072b59dc83b38f28ea2b4dad6&amp;s=B174CB34D42E5D095E682CDA0300D0B2\"></div><p><span>图为河北戈德提供的“合易签”居家办公服务平台。</span></p><p><span>疫情发生后，河北辖区内特别是石家庄、邢台、廊坊三市中高风险地区，因社区闭环管控、人员停止流动，导致用章业务无法开展。“不见面盖不了章，见面不利于疫情防控。”针对该问题，河北戈德防伪科技有限公司凭借多年来从事研发、推广电子印章产品的服务经验和权威资质，按照《中华人民共和国电子签名法》及国家相关标准规范要求，为终端用户量身定制研发了适合网上、掌上“自主申办、认证领取、在线签章、安全监管”的“合易签”云签电子印章产品及签章服务平台。</span></p>', 's:0:\"\";', '', '', 2, '', 0, 1611142816, 1611143704, 1, '', '', '', '', '', '', ''),
(19, 15, '', '你的第一个微信名是什么', 'https://static.ebcms.com/img/ad3.gif', '', '', '<p><img src=\"https://p4.itc.cn/images01/20210120/933764db465b41bbb0c4fe7220bef33e.png\"></p><p>30秒快读1、微信十年了。2、你的第一个微信名是什么？你的第一个微信联系人是谁？你的第一条朋友圈是什么？微信朋友圈在2012年出道，第一批90后正在迈向社会。那时的90后，还在跨越山海，寻找诗和远方。睡过北京群租房里的上下铺，承包过上海地铁的末班车，台北的夜开始迷失，花莲的海开始混沌。</p><p><img src=\"https://p7.itc.cn/images01/20210120/3badac47e39a456fb9653b0462848d2f.jpeg\"></p><p>比起父辈，90后更有资本走出国门，去世界看一看。房贷、婚姻、父母的健康......还不是我们肩上的责任，回看当年的痛苦，如今都不值一提。</p><p><img src=\"https://p5.itc.cn/images01/20210120/858d456cb64b4220a5c86462129e9bb6.jpeg\"></p><p>那时的90后，还不知道失去意味着什么。曾经那个她，19岁的仲夏，不记得为何在早晨7:16发了这条朋友圈，大学时，早上的第一堂课总没人愿意选，因为熬夜赖床成了常态。为什么要早起？可能只是为了跟她一起吃个早饭吧。初恋的世界，每时每刻，都是惊天动地，爱过。十年之后，我们还是微信好友，却不再说话。</p><p><img src=\"https://p6.itc.cn/images01/20210120/101d9c2bebf3448ca320863ae6d22176.jpeg\"></p><p>那时的95后，还在晚自习里痛苦，智商开发到史上最高。他们不曾醒悟，人生最高光的分数线是发际线。</p>', 's:0:\"\";', '', '', 1, '', 0, 1611143550, 1611143550, 1, '', '', '', '', '', '', ''),
(20, 15, '', '台北的夜开始迷失', 'https://static.ebcms.com/img/ad3.gif', '', '', '<p><img src=\"https://p4.itc.cn/images01/20210120/933764db465b41bbb0c4fe7220bef33e.png\"></p><p>30秒快读1、微信十年了。2、你的第一个微信名是什么？你的第一个微信联系人是谁？你的第一条朋友圈是什么？微信朋友圈在2012年出道，第一批90后正在迈向社会。那时的90后，还在跨越山海，寻找诗和远方。睡过北京群租房里的上下铺，承包过上海地铁的末班车，台北的夜开始迷失，花莲的海开始混沌。</p><p><img src=\"https://p7.itc.cn/images01/20210120/3badac47e39a456fb9653b0462848d2f.jpeg\"></p><p>比起父辈，90后更有资本走出国门，去世界看一看。房贷、婚姻、父母的健康......还不是我们肩上的责任，回看当年的痛苦，如今都不值一提。</p><p><img src=\"https://p5.itc.cn/images01/20210120/858d456cb64b4220a5c86462129e9bb6.jpeg\"></p><p>那时的90后，还不知道失去意味着什么。曾经那个她，19岁的仲夏，不记得为何在早晨7:16发了这条朋友圈，大学时，早上的第一堂课总没人愿意选，因为熬夜赖床成了常态。为什么要早起？可能只是为了跟她一起吃个早饭吧。初恋的世界，每时每刻，都是惊天动地，爱过。十年之后，我们还是微信好友，却不再说话。</p><p><img src=\"https://p6.itc.cn/images01/20210120/101d9c2bebf3448ca320863ae6d22176.jpeg\"></p><p>那时的95后，还在晚自习里痛苦，智商开发到史上最高。他们不曾醒悟，人生最高光的分数线是发际线。</p>', 's:0:\"\";', '', '', 0, '', 0, 1611143562, 1611143562, 1, '', '', '', '', '', '', ''),
(21, 15, '', '那时的95后，还在晚自习里痛苦', 'https://static.ebcms.com/img/ad3.gif', '', '', '<p><img src=\"https://p4.itc.cn/images01/20210120/933764db465b41bbb0c4fe7220bef33e.png\"></p><p>30秒快读1、微信十年了。2、你的第一个微信名是什么？你的第一个微信联系人是谁？你的第一条朋友圈是什么？微信朋友圈在2012年出道，第一批90后正在迈向社会。那时的90后，还在跨越山海，寻找诗和远方。睡过北京群租房里的上下铺，承包过上海地铁的末班车，台北的夜开始迷失，花莲的海开始混沌。</p><p><img src=\"https://p7.itc.cn/images01/20210120/3badac47e39a456fb9653b0462848d2f.jpeg\"></p><p>比起父辈，90后更有资本走出国门，去世界看一看。房贷、婚姻、父母的健康......还不是我们肩上的责任，回看当年的痛苦，如今都不值一提。</p><p><img src=\"https://p5.itc.cn/images01/20210120/858d456cb64b4220a5c86462129e9bb6.jpeg\"></p><p>那时的90后，还不知道失去意味着什么。曾经那个她，19岁的仲夏，不记得为何在早晨7:16发了这条朋友圈，大学时，早上的第一堂课总没人愿意选，因为熬夜赖床成了常态。为什么要早起？可能只是为了跟她一起吃个早饭吧。初恋的世界，每时每刻，都是惊天动地，爱过。十年之后，我们还是微信好友，却不再说话。</p><p><img src=\"https://p6.itc.cn/images01/20210120/101d9c2bebf3448ca320863ae6d22176.jpeg\"></p><p>那时的95后，还在晚自习里痛苦，智商开发到史上最高。他们不曾醒悟，人生最高光的分数线是发际线。</p>', 's:0:\"\";', '', '', 1, '', 0, 1611143574, 1611143574, 1, '', '', '', '', '', '', ''),
(22, 15, '', '人生最高光的分数线是发际线', 'https://static.ebcms.com/img/ad3.gif', '', '', '<p><img src=\"https://p4.itc.cn/images01/20210120/933764db465b41bbb0c4fe7220bef33e.png\"></p><p>30秒快读1、微信十年了。2、你的第一个微信名是什么？你的第一个微信联系人是谁？你的第一条朋友圈是什么？微信朋友圈在2012年出道，第一批90后正在迈向社会。那时的90后，还在跨越山海，寻找诗和远方。睡过北京群租房里的上下铺，承包过上海地铁的末班车，台北的夜开始迷失，花莲的海开始混沌。</p><p><img src=\"https://p7.itc.cn/images01/20210120/3badac47e39a456fb9653b0462848d2f.jpeg\"></p><p>比起父辈，90后更有资本走出国门，去世界看一看。房贷、婚姻、父母的健康......还不是我们肩上的责任，回看当年的痛苦，如今都不值一提。</p><p><img src=\"https://p5.itc.cn/images01/20210120/858d456cb64b4220a5c86462129e9bb6.jpeg\"></p><p>那时的90后，还不知道失去意味着什么。曾经那个她，19岁的仲夏，不记得为何在早晨7:16发了这条朋友圈，大学时，早上的第一堂课总没人愿意选，因为熬夜赖床成了常态。为什么要早起？可能只是为了跟她一起吃个早饭吧。初恋的世界，每时每刻，都是惊天动地，爱过。十年之后，我们还是微信好友，却不再说话。</p><p><img src=\"https://p6.itc.cn/images01/20210120/101d9c2bebf3448ca320863ae6d22176.jpeg\"></p><p>那时的95后，还在晚自习里痛苦，智商开发到史上最高。他们不曾醒悟，人生最高光的分数线是发际线。</p>', 's:0:\"\";', '', '', 2, '', 0, 1611143586, 1611143586, 1, '', '', '', '', '', '', ''),
(23, 16, '', '体外诊断资深产业人士等原股东均追加投资', '', '', '', '<p>新京报讯（记者 王卡拉）1月20日，杭州杰毅生物技术有限公司（简称“杰毅生物”）宣布，公司于近日完成近2亿元B轮融资。本轮融资由辰德资本领投，前海母基金等跟投，比邻星创投、普华资本、体外诊断资深产业人士等原股东均追加投资。杰毅生物表示，此轮融资将主要用于感染线医疗器械产品的注册报证、新产品的开发以及商业化应用战略的推进。</p><p>杰毅生物总部位于浙江杭州，由贝瑞基因创始团队成员王珺博士和迪安诊断原战略投资板块负责人、浙江大健康产业基金合伙人钟杰共同发起成立，是一家以高通量测序和基因编辑为技术平台，将基因检测、大数据分析和人工智能等前沿技术融合创新，致力于革新感染性疾病检验未来的新锐科技公司。目前，杰毅生物已率先成功研发出全球领先的病原宏基因组全自动智能化检测产品解决方案，已申请专利等知识产权近20项。</p><p>在新冠疫情期间，杰毅生物牵头承担国家科技部“新冠病毒感染的肺炎疫情应急检测项目”，参与国家科技部重点研发计划“法匹拉韦与托珠单抗组合的临床研究”，在武汉金银潭医院建设本地化的病原宏基因组测序中心，为300多位新冠肺炎重症感染患者提供精准诊断，有效协助降低中国新冠患者死亡率。公司自主研发的病原宏基因组全自动智能化检测产品解决方案已进入了中国国家疾控中心及湖北、浙江、乌鲁木齐等各地疾控中心，为新冠病毒的精准检测和变异监控提供支持。公司基于基因编辑CRISPR技术的新冠病毒快速检测试剂盒及配套即时检验设备已经获得了欧盟CE认证，目前正积极参与全球抗疫战斗中。</p>', 's:0:\"\";', '', '', 0, '', 0, 1611143639, 1611143639, 1, '', '', '', '', '', '', ''),
(24, 16, '', '杰毅生物牵头承担国家科技部', '', '', '', '<p>新京报讯（记者 王卡拉）1月20日，杭州杰毅生物技术有限公司（简称“杰毅生物”）宣布，公司于近日完成近2亿元B轮融资。本轮融资由辰德资本领投，前海母基金等跟投，比邻星创投、普华资本、体外诊断资深产业人士等原股东均追加投资。杰毅生物表示，此轮融资将主要用于感染线医疗器械产品的注册报证、新产品的开发以及商业化应用战略的推进。</p><p>杰毅生物总部位于浙江杭州，由贝瑞基因创始团队成员王珺博士和迪安诊断原战略投资板块负责人、浙江大健康产业基金合伙人钟杰共同发起成立，是一家以高通量测序和基因编辑为技术平台，将基因检测、大数据分析和人工智能等前沿技术融合创新，致力于革新感染性疾病检验未来的新锐科技公司。目前，杰毅生物已率先成功研发出全球领先的病原宏基因组全自动智能化检测产品解决方案，已申请专利等知识产权近20项。</p><p>在新冠疫情期间，杰毅生物牵头承担国家科技部“新冠病毒感染的肺炎疫情应急检测项目”，参与国家科技部重点研发计划“法匹拉韦与托珠单抗组合的临床研究”，在武汉金银潭医院建设本地化的病原宏基因组测序中心，为300多位新冠肺炎重症感染患者提供精准诊断，有效协助降低中国新冠患者死亡率。公司自主研发的病原宏基因组全自动智能化检测产品解决方案已进入了中国国家疾控中心及湖北、浙江、乌鲁木齐等各地疾控中心，为新冠病毒的精准检测和变异监控提供支持。公司基于基因编辑CRISPR技术的新冠病毒快速检测试剂盒及配套即时检验设备已经获得了欧盟CE认证，目前正积极参与全球抗疫战斗中。</p>', 's:0:\"\";', '', '', 0, '', 0, 1611143648, 1611143648, 1, '', '', '', '', '', '', ''),
(25, 16, '', '已申请专利等知识产权近20项', '', '', '', '<p>新京报讯（记者 王卡拉）1月20日，杭州杰毅生物技术有限公司（简称“杰毅生物”）宣布，公司于近日完成近2亿元B轮融资。本轮融资由辰德资本领投，前海母基金等跟投，比邻星创投、普华资本、体外诊断资深产业人士等原股东均追加投资。杰毅生物表示，此轮融资将主要用于感染线医疗器械产品的注册报证、新产品的开发以及商业化应用战略的推进。</p><p>杰毅生物总部位于浙江杭州，由贝瑞基因创始团队成员王珺博士和迪安诊断原战略投资板块负责人、浙江大健康产业基金合伙人钟杰共同发起成立，是一家以高通量测序和基因编辑为技术平台，将基因检测、大数据分析和人工智能等前沿技术融合创新，致力于革新感染性疾病检验未来的新锐科技公司。目前，杰毅生物已率先成功研发出全球领先的病原宏基因组全自动智能化检测产品解决方案，已申请专利等知识产权近20项。</p><p>在新冠疫情期间，杰毅生物牵头承担国家科技部“新冠病毒感染的肺炎疫情应急检测项目”，参与国家科技部重点研发计划“法匹拉韦与托珠单抗组合的临床研究”，在武汉金银潭医院建设本地化的病原宏基因组测序中心，为300多位新冠肺炎重症感染患者提供精准诊断，有效协助降低中国新冠患者死亡率。公司自主研发的病原宏基因组全自动智能化检测产品解决方案已进入了中国国家疾控中心及湖北、浙江、乌鲁木齐等各地疾控中心，为新冠病毒的精准检测和变异监控提供支持。公司基于基因编辑CRISPR技术的新冠病毒快速检测试剂盒及配套即时检验设备已经获得了欧盟CE认证，目前正积极参与全球抗疫战斗中。</p>', 's:0:\"\";', '', '', 0, '', 0, 1611143655, 1611143655, 1, '', '', '', '', '', '', ''),
(26, 16, '', '新冠病毒感染的肺炎疫情应急检测项目', '', '', '', '<p>新京报讯（记者 王卡拉）1月20日，杭州杰毅生物技术有限公司（简称“杰毅生物”）宣布，公司于近日完成近2亿元B轮融资。本轮融资由辰德资本领投，前海母基金等跟投，比邻星创投、普华资本、体外诊断资深产业人士等原股东均追加投资。杰毅生物表示，此轮融资将主要用于感染线医疗器械产品的注册报证、新产品的开发以及商业化应用战略的推进。</p><p>杰毅生物总部位于浙江杭州，由贝瑞基因创始团队成员王珺博士和迪安诊断原战略投资板块负责人、浙江大健康产业基金合伙人钟杰共同发起成立，是一家以高通量测序和基因编辑为技术平台，将基因检测、大数据分析和人工智能等前沿技术融合创新，致力于革新感染性疾病检验未来的新锐科技公司。目前，杰毅生物已率先成功研发出全球领先的病原宏基因组全自动智能化检测产品解决方案，已申请专利等知识产权近20项。</p><p>在新冠疫情期间，杰毅生物牵头承担国家科技部“新冠病毒感染的肺炎疫情应急检测项目”，参与国家科技部重点研发计划“法匹拉韦与托珠单抗组合的临床研究”，在武汉金银潭医院建设本地化的病原宏基因组测序中心，为300多位新冠肺炎重症感染患者提供精准诊断，有效协助降低中国新冠患者死亡率。公司自主研发的病原宏基因组全自动智能化检测产品解决方案已进入了中国国家疾控中心及湖北、浙江、乌鲁木齐等各地疾控中心，为新冠病毒的精准检测和变异监控提供支持。公司基于基因编辑CRISPR技术的新冠病毒快速检测试剂盒及配套即时检验设备已经获得了欧盟CE认证，目前正积极参与全球抗疫战斗中。</p>', 's:0:\"\";', '', '', 0, '', 0, 1611143667, 1611143667, 1, '', '', '', '', '', '', ''),
(27, 16, '', '致力于革新感染性疾病检验未来的新锐科技公司', '', '', '', '<p>新京报讯（记者 王卡拉）1月20日，杭州杰毅生物技术有限公司（简称“杰毅生物”）宣布，公司于近日完成近2亿元B轮融资。本轮融资由辰德资本领投，前海母基金等跟投，比邻星创投、普华资本、体外诊断资深产业人士等原股东均追加投资。杰毅生物表示，此轮融资将主要用于感染线医疗器械产品的注册报证、新产品的开发以及商业化应用战略的推进。</p><p>杰毅生物总部位于浙江杭州，由贝瑞基因创始团队成员王珺博士和迪安诊断原战略投资板块负责人、浙江大健康产业基金合伙人钟杰共同发起成立，是一家以高通量测序和基因编辑为技术平台，将基因检测、大数据分析和人工智能等前沿技术融合创新，致力于革新感染性疾病检验未来的新锐科技公司。目前，杰毅生物已率先成功研发出全球领先的病原宏基因组全自动智能化检测产品解决方案，已申请专利等知识产权近20项。</p><p>在新冠疫情期间，杰毅生物牵头承担国家科技部“新冠病毒感染的肺炎疫情应急检测项目”，参与国家科技部重点研发计划“法匹拉韦与托珠单抗组合的临床研究”，在武汉金银潭医院建设本地化的病原宏基因组测序中心，为300多位新冠肺炎重症感染患者提供精准诊断，有效协助降低中国新冠患者死亡率。公司自主研发的病原宏基因组全自动智能化检测产品解决方案已进入了中国国家疾控中心及湖北、浙江、乌鲁木齐等各地疾控中心，为新冠病毒的精准检测和变异监控提供支持。公司基于基因编辑CRISPR技术的新冠病毒快速检测试剂盒及配套即时检验设备已经获得了欧盟CE认证，目前正积极参与全球抗疫战斗中。</p>', 's:0:\"\";', '', '', 1, '', 0, 1611143678, 1611143678, 1, '', '', '', '', '', '', ''),
(28, 18, '', '河北疫情防控，牵动着每个人的心', '', '', '', '<p><span>河北新闻网讯（马晨辉）近日，河北疫情防控，牵动着每个人的心。在保定，专业从事电子印章产品及配套系统研发的河北戈德防伪科技有限公司，发挥自身优势，积极投身到疫情防控工作中，承诺为有需求的单位提供“云签电子印章”免费申办、免费应用等服务，为群防群控尽微薄之力。</span></p><div><img src=\"http://pics1.baidu.com/feed/d0c8a786c9177f3ef30c7e44f573d7c09e3d5687.jpeg?token=fe4fb69072b59dc83b38f28ea2b4dad6&amp;s=B174CB34D42E5D095E682CDA0300D0B2\"></div><p><span>图为河北戈德提供的“合易签”居家办公服务平台。</span></p><p><span>疫情发生后，河北辖区内特别是石家庄、邢台、廊坊三市中高风险地区，因社区闭环管控、人员停止流动，导致用章业务无法开展。“不见面盖不了章，见面不利于疫情防控。”针对该问题，河北戈德防伪科技有限公司凭借多年来从事研发、推广电子印章产品的服务经验和权威资质，按照《中华人民共和国电子签名法》及国家相关标准规范要求，为终端用户量身定制研发了适合网上、掌上“自主申办、认证领取、在线签章、安全监管”的“合易签”云签电子印章产品及签章服务平台。</span></p>', 's:0:\"\";', '', '', 0, '', 0, 1611143712, 1611143712, 1, '', '', '', '', '', '', ''),
(29, 18, '', '专业从事电子印章产品及配套系统', '', '', '', '<p><span>河北新闻网讯（马晨辉）近日，河北疫情防控，牵动着每个人的心。在保定，专业从事电子印章产品及配套系统研发的河北戈德防伪科技有限公司，发挥自身优势，积极投身到疫情防控工作中，承诺为有需求的单位提供“云签电子印章”免费申办、免费应用等服务，为群防群控尽微薄之力。</span></p><div><img src=\"http://pics1.baidu.com/feed/d0c8a786c9177f3ef30c7e44f573d7c09e3d5687.jpeg?token=fe4fb69072b59dc83b38f28ea2b4dad6&amp;s=B174CB34D42E5D095E682CDA0300D0B2\"></div><p><span>图为河北戈德提供的“合易签”居家办公服务平台。</span></p><p><span>疫情发生后，河北辖区内特别是石家庄、邢台、廊坊三市中高风险地区，因社区闭环管控、人员停止流动，导致用章业务无法开展。“不见面盖不了章，见面不利于疫情防控。”针对该问题，河北戈德防伪科技有限公司凭借多年来从事研发、推广电子印章产品的服务经验和权威资质，按照《中华人民共和国电子签名法》及国家相关标准规范要求，为终端用户量身定制研发了适合网上、掌上“自主申办、认证领取、在线签章、安全监管”的“合易签”云签电子印章产品及签章服务平台。</span></p>', 's:0:\"\";', '', '', 1, '', 0, 1611143719, 1611143719, 1, '', '', '', '', '', '', ''),
(30, 18, '', '河北辖区内特别是石家庄、邢台、廊坊三市中高风险地区', '', '', '', '<p><span>河北新闻网讯（马晨辉）近日，河北疫情防控，牵动着每个人的心。在保定，专业从事电子印章产品及配套系统研发的河北戈德防伪科技有限公司，发挥自身优势，积极投身到疫情防控工作中，承诺为有需求的单位提供“云签电子印章”免费申办、免费应用等服务，为群防群控尽微薄之力。</span></p><div><img src=\"http://pics1.baidu.com/feed/d0c8a786c9177f3ef30c7e44f573d7c09e3d5687.jpeg?token=fe4fb69072b59dc83b38f28ea2b4dad6&amp;s=B174CB34D42E5D095E682CDA0300D0B2\"></div><p><span>图为河北戈德提供的“合易签”居家办公服务平台。</span></p><p><span>疫情发生后，河北辖区内特别是石家庄、邢台、廊坊三市中高风险地区，因社区闭环管控、人员停止流动，导致用章业务无法开展。“不见面盖不了章，见面不利于疫情防控。”针对该问题，河北戈德防伪科技有限公司凭借多年来从事研发、推广电子印章产品的服务经验和权威资质，按照《中华人民共和国电子签名法》及国家相关标准规范要求，为终端用户量身定制研发了适合网上、掌上“自主申办、认证领取、在线签章、安全监管”的“合易签”云签电子印章产品及签章服务平台。</span></p>', 's:0:\"\";', '', '', 0, '', 0, 1611143729, 1611143729, 1, '', '', '', '', '', '', ''),
(31, 18, '', '不见面盖不了章，见面不利于疫情防控。', '', '', '', '<p><span>河北新闻网讯（马晨辉）近日，河北疫情防控，牵动着每个人的心。在保定，专业从事电子印章产品及配套系统研发的河北戈德防伪科技有限公司，发挥自身优势，积极投身到疫情防控工作中，承诺为有需求的单位提供“云签电子印章”免费申办、免费应用等服务，为群防群控尽微薄之力。</span></p><div><img src=\"http://pics1.baidu.com/feed/d0c8a786c9177f3ef30c7e44f573d7c09e3d5687.jpeg?token=fe4fb69072b59dc83b38f28ea2b4dad6&amp;s=B174CB34D42E5D095E682CDA0300D0B2\"></div><p><span>图为河北戈德提供的“合易签”居家办公服务平台。</span></p><p><span>疫情发生后，河北辖区内特别是石家庄、邢台、廊坊三市中高风险地区，因社区闭环管控、人员停止流动，导致用章业务无法开展。“不见面盖不了章，见面不利于疫情防控。”针对该问题，河北戈德防伪科技有限公司凭借多年来从事研发、推广电子印章产品的服务经验和权威资质，按照《中华人民共和国电子签名法》及国家相关标准规范要求，为终端用户量身定制研发了适合网上、掌上“自主申办、认证领取、在线签章、安全监管”的“合易签”云签电子印章产品及签章服务平台。</span></p>', 's:0:\"\";', '', '', 10, '', 0, 1611143740, 1611143740, 1, '', '', '', '', '', '', '');

-- --------------------------------------------------------

--
-- 表的结构 `prefix_ebcms_cms_tag`
--

DROP TABLE IF EXISTS `prefix_ebcms_cms_tag`;
CREATE TABLE `prefix_ebcms_cms_tag` (
  `id` int(10) UNSIGNED NOT NULL,
  `content_id` int(10) UNSIGNED NOT NULL DEFAULT '0' COMMENT '内容ID',
  `tag` varchar(255) NOT NULL DEFAULT '' COMMENT '属性'
) ENGINE=InnoDB DEFAULT CHARSET=utf8mb4 COMMENT='内容属性表' ROW_FORMAT=COMPACT;

-- --------------------------------------------------------

--
-- 表的结构 `prefix_ebcms_fragment_content`
--

DROP TABLE IF EXISTS `prefix_ebcms_fragment_content`;
CREATE TABLE `prefix_ebcms_fragment_content` (
  `id` int(10) UNSIGNED NOT NULL COMMENT '节点ID',
  `fragment_id` varchar(80) NOT NULL DEFAULT '' COMMENT '碎片id',
  `title` varchar(255) NOT NULL DEFAULT '' COMMENT '标题',
  `description` varchar(255) NOT NULL DEFAULT '',
  `cover` varchar(255) NOT NULL DEFAULT '' COMMENT '缩略图',
  `extra` text NOT NULL,
  `priority` tinyint(3) UNSIGNED NOT NULL DEFAULT '0',
  `redirect_uri` varchar(255) NOT NULL DEFAULT ''
) ENGINE=MyISAM DEFAULT CHARSET=utf8mb4;

--
-- 转存表中的数据 `prefix_ebcms_fragment_content`
--

INSERT INTO `prefix_ebcms_fragment_content` (`id`, `fragment_id`, `title`, `description`, `cover`, `extra`, `priority`, `redirect_uri`) VALUES
(1, 'ebcms.cms.lunbo', '2020年度票房突破100亿', '', 'https://static.ebcms.com/img/slide2.jpg', '', 0, 'https://www.ebcms.com'),
(2, 'ebcms.cms.lunbo', '让搜索不止于搜索框，微信搜一搜打通多个场景让搜索触手可达', '', 'https://static.ebcms.com/img/slide1.jpg', '', 1, 'https://www.ebcms.com'),
(3, 'ebcms.cms.lunbo', '你的第一条朋友圈是什么？', '', 'https://static.ebcms.com/img/ad3.gif', '', 2, 'https://www.ebcms.com'),
(4, 'ebcms.cms.toutiao', '习近平新时代中国特色社会主义', '全面迈进习近平新时代中国特色社会主义', '', 's:0:\"\";', 0, 'https://www.ebcms.com'),
(5, 'ebcms.cms.toutiao', '一不小心在健康宝上“坦诚相见”', '', '', '', 0, 'https://www.ebcms.com'),
(6, 'ebcms.cms.toutiao', '真实打工人！许魏洲拍摄成“假笑男孩” 结束秒变脸', '', '', '', 0, 'https://www.ebcms.com'),
(7, 'ebcms.cms.toutiao', '2020年度票房突破100亿', '', 'https://static.ebcms.com/img/slide2.jpg', '', 0, 'https://www.ebcms.com'),
(8, 'ebcms.cms.toutiao', '让搜索不止于搜索框，微信搜一搜打通多个场景让搜索触手可达', '', 'https://static.ebcms.com/img/slide1.jpg', '', 0, 'https://www.ebcms.com'),
(9, 'ebcms.cms.toutiao', '你的第一条朋友圈是什么？', '', 'https://static.ebcms.com/img/ad3.gif', '', 0, 'https://www.ebcms.com'),
(10, 'ebcms.cms.toutiao', '承诺为有需求的单位提供“云签电子印章”', '', '', '', 0, 'https://www.ebcms.com'),
(11, 'ebcms.cms.toutiao', '你的第一个微信名是什么', '', 'https://static.ebcms.com/img/ad3.gif', '', 0, 'https://www.ebcms.com'),
(12, 'ebcms.cms.toutiao', '台北的夜开始迷失', '', 'https://static.ebcms.com/img/ad3.gif', '', 0, 'https://www.ebcms.com'),
(13, 'ebcms.cms.toutiao', '那时的95后，还在晚自习里痛苦', '', 'https://static.ebcms.com/img/ad3.gif', '', 0, 'https://www.ebcms.com'),
(14, 'ebcms.cms.toutiao', '人生最高光的分数线是发际线', '', 'https://static.ebcms.com/img/ad3.gif', '', 0, 'https://www.ebcms.com'),
(15, 'ebcms.cms.toutiao', '体外诊断资深产业人士等原股东均追加投资', '', '', '', 0, 'https://www.ebcms.com'),
(16, 'ebcms.cms.toutiao', '杰毅生物牵头承担国家科技部', '', '', '', 0, 'https://www.ebcms.com'),
(17, 'ebcms.cms.link', 'EBCMS', '', '', 's:0:\"\";', 0, 'https://www.ebcms.com'),
(18, 'plugin.cms-qiye.lunbo', '已申请专利等知识产权近20项', '', 'https://static.ebcms.com/img/slide/4.jpg', '', 0, 'https://www.ebcms.com'),
(19, 'plugin.cms-qiye.lunbo', '新冠病毒感染的肺炎疫情应急检测项目', '', 'https://static.ebcms.com/img/slide/3.jpg', '', 0, 'https://www.ebcms.com'),
(20, 'plugin.cms-qiye.lunbo', '致力于革新感染性疾病检验未来的新锐科技公司', '', 'https://static.ebcms.com/img/slide/2.jpg', '', 0, 'https://www.ebcms.com'),
(21, 'plugin.cms-qiye.lunbo', '河北疫情防控，牵动着每个人的心', '', 'https://static.ebcms.com/img/slide/1.jpg', '', 0, 'https://www.ebcms.com'),
(22, 'plugin.cms-qiye.product', '探测器', '', 'https://static.ebcms.com/img/product/1.jpg', 's:0:\"\";', 0, 'https://www.ebcms.com'),
(23, 'plugin.cms-qiye.product', '远程监控', '', 'https://static.ebcms.com/img/product/2.jpg', 's:0:\"\";', 0, 'https://www.ebcms.com'),
(24, 'plugin.cms-qiye.product', '迷你USB', '', 'https://static.ebcms.com/img/product/3.jpg', 's:0:\"\";', 0, 'https://www.ebcms.com'),
(25, 'plugin.cms-qiye.product', '高保真耳机', '', 'https://static.ebcms.com/img/product/4.jpg', 's:0:\"\";', 0, 'https://www.ebcms.com'),
(26, 'plugin.cms-qiye.product', 'wifi耳机', '', 'https://static.ebcms.com/img/product/4.jpg', 's:0:\"\";', 0, 'https://www.ebcms.com'),
(27, 'plugin.cms-qiye.product', '读卡器', '', 'https://static.ebcms.com/img/product/3.jpg', 's:0:\"\";', 0, 'https://www.ebcms.com'),
(28, 'plugin.cms-qiye.product', '高清摄像头', '', 'https://static.ebcms.com/img/product/2.jpg', 's:0:\"\";', 0, 'https://www.ebcms.com'),
(29, 'plugin.cms-qiye.product', '红外检测仪', '', 'https://static.ebcms.com/img/product/1.jpg', 's:0:\"\";', 0, 'https://www.ebcms.com'),
(30, 'plugin.cms-qiye.gonggao', '易贝内容管理系统隆重发布', '', '', 's:0:\"\";', 0, 'https://www.ebcms.com');

--
-- 转储表的索引
--

--
-- 表的索引 `prefix_ebcms_cms_category`
--
ALTER TABLE `prefix_ebcms_cms_category`
  ADD PRIMARY KEY (`id`) USING BTREE;

--
-- 表的索引 `prefix_ebcms_cms_content`
--
ALTER TABLE `prefix_ebcms_cms_content`
  ADD PRIMARY KEY (`id`) USING BTREE,
  ADD KEY `list` (`category_id`,`state`,`id`) USING BTREE,
  ADD KEY `list2` (`state`,`id`) USING BTREE,
  ADD KEY `category_id` (`category_id`,`filter0`),
  ADD KEY `category_id_2` (`category_id`,`filter1`),
  ADD KEY `category_id_3` (`category_id`,`filter2`),
  ADD KEY `category_id_4` (`category_id`,`filter3`),
  ADD KEY `category_id_5` (`category_id`,`filter4`),
  ADD KEY `category_id_6` (`category_id`,`filter5`);
ALTER TABLE `prefix_ebcms_cms_content` ADD FULLTEXT KEY `testfulltext` (`title`,`keywords`,`description`,`tags`,`body`);

--
-- 表的索引 `prefix_ebcms_cms_tag`
--
ALTER TABLE `prefix_ebcms_cms_tag`
  ADD PRIMARY KEY (`id`) USING BTREE;

--
-- 表的索引 `prefix_ebcms_fragment_content`
--
ALTER TABLE `prefix_ebcms_fragment_content`
  ADD PRIMARY KEY (`id`) USING BTREE;

--
-- 在导出的表使用AUTO_INCREMENT
--

--
-- 使用表AUTO_INCREMENT `prefix_ebcms_cms_category`
--
ALTER TABLE `prefix_ebcms_cms_category`
  MODIFY `id` int(10) UNSIGNED NOT NULL AUTO_INCREMENT COMMENT '节点ID', AUTO_INCREMENT=19;

--
-- 使用表AUTO_INCREMENT `prefix_ebcms_cms_content`
--
ALTER TABLE `prefix_ebcms_cms_content`
  MODIFY `id` int(10) UNSIGNED NOT NULL AUTO_INCREMENT COMMENT '节点ID', AUTO_INCREMENT=32;

--
-- 使用表AUTO_INCREMENT `prefix_ebcms_cms_tag`
--
ALTER TABLE `prefix_ebcms_cms_tag`
  MODIFY `id` int(10) UNSIGNED NOT NULL AUTO_INCREMENT;

--
-- 使用表AUTO_INCREMENT `prefix_ebcms_fragment_content`
--
ALTER TABLE `prefix_ebcms_fragment_content`
  MODIFY `id` int(10) UNSIGNED NOT NULL AUTO_INCREMENT COMMENT '节点ID', AUTO_INCREMENT=31;
COMMIT;

/*!40101 SET CHARACTER_SET_CLIENT=@OLD_CHARACTER_SET_CLIENT */;
/*!40101 SET CHARACTER_SET_RESULTS=@OLD_CHARACTER_SET_RESULTS */;
/*!40101 SET COLLATION_CONNECTION=@OLD_COLLATION_CONNECTION */;
